Account Name,URL
News Now Houston,
News Now Community,
California Guardian,
High Desert Community Watch,
Ybor Rob,
Audit the Audit,
The Battousai,
Detroit Metro Audits,
SGV News First,
Riverside County Accountability,
Rogue Nation,
SLO County Observer,
James Freeman,
Auditors of America,
Amagansett Press,
Watching the Watchmen,
Kern County Transparency,
Nasty Nathaniel,
Johnny five-o,
DJ Audits,
Anthony X 1st Amendment Audits,
Honoryouroath,
Auditing Erie County,
LackLuster,
Silenceboy 1stamandment,
The armed fisherman,
Accountability for All,
CHandTYaudits,
Watchman 007,
Michigan Constitutional Crusader,
Bay Area Transparency,
James Madison Audits,
San Joaquin Valley Transparency,
Let's go viral,
Dummy Kruger,
Prince Vegeta,
Direct D,
I.A.M. Free - Inland Auditing Media,
First Amendment Rights,
Tulare County Cop Watch,
NC Tyrant Hunter,
gypsy auditor,
Cody Highroller,
News Now Patrick,
F.I.R.M. Audits,
News Now NINJA,
Auditing Arkansas,
CFW Carolina in Fort Worth,
Acura Amanda,
Hoosier News Now,
Flex Your Freedoms,
New Jersey Exposed,
Policing the Police,
Leslie Sylvan,
CaucAsian Sasquatch,
Rights Crispy,
Fricn Media,
Outlaw Copwatch,
Audit The Law,
Disorderly Product News,
Joe Cool,
News Now South Carolina,
News Now California,
